{"is_source_file": true, "format": "bash", "description": "A shell script for restoring various types of databases (SQLite, PostgreSQL, MySQL, MongoDB) based on existing backup files and environment conditions.", "external_files": ["database_backup.db", "database_backup.sql", "database_backup.archive"], "external_methods": ["ls", "cp", "sudo -u postgres pg_isready", "psql", "mysqladmin", "mysql", "mongosh", "mongorestore"], "published": ["DB_NAME", "DB_USER", "DB_PASSWORD", "DB_PORT"], "classes": [], "methods": [], "calls": ["ls /usr/lib/postgresql/", "sudo -u postgres pg_isready -p ${DB_PORT}", "psql", "mysqladmin ping", "mysql", "mongosh", "mongorestore"], "search-terms": ["restore_db.sh", "database restoration script", "PostgreSQL restore", "MySQL restore", "MongoDB restore", "backup detection", "database backup files"], "state": 2, "file_id": 4, "knowledge_revision": 12, "git_revision": "04ba59073dc1d6ce4bfffb00892cb535ff9cc17f", "hash": "67505395c0df4c9c001ab8f47571f3fb", "format-version": 4, "code-base-name": "database", "filename": "database/restore_db.sh", "revision_history": [{"12": "04ba59073dc1d6ce4bfffb00892cb535ff9cc17f"}]}