{"is_source_file": true, "format": "bash", "description": "A shell script for managing PostgreSQL server startup, initialization, database setup, user permissions, and environment configuration.", "external_files": ["/usr/lib/postgresql/$(ls /usr/lib/postgresql/ | head -1)/bin/initdb", "/usr/lib/postgresql/$(ls /usr/lib/postgresql/ | head -1)/bin/pg_isready", "/usr/lib/postgresql/$(ls /usr/lib/postgresql/ | head -1)/bin/psql", "/usr/lib/postgresql/$(ls /usr/lib/postgresql/ | head -1)/bin/postgres", "/usr/lib/postgresql/$(ls /usr/lib/postgresql/ | head -1)/bin/createdb"], "external_methods": ["sudo -u postgres pg_isready", "sudo -u postgres psql", "sudo -u postgres initdb", "sudo -u postgres postgres", "sudo -u postgres createdb"], "published": [], "classes": [], "methods": [], "calls": ["ls", "echo", "sleep", "pg_isready", "psql", "initdb", "postgres", "createdb", "cat", "grep", "pmap", "pgrep", "cat", "echo"], "search-terms": ["PostgreSQL startup script", "shell script", "database initialization", "user permissions", "environment setup", "psql commands", "sudo usage", "database creation", "PostgreSQL version detection"], "state": 2, "file_id": 3, "knowledge_revision": 14, "git_revision": "04ba59073dc1d6ce4bfffb00892cb535ff9cc17f", "hash": "fa2aa67ea0a7c72f7c0958282f15a864", "format-version": 4, "code-base-name": "database", "filename": "database/startup.sh", "revision_history": [{"14": "04ba59073dc1d6ce4bfffb00892cb535ff9cc17f"}]}