{"is_source_file": true, "format": "bash", "description": "This is a shell script that automatically detects the type of running database (SQLite, PostgreSQL, MySQL, MongoDB) and performs a backup accordingly.", "external_files": ["/usr/lib/postgresql/", "/var/run/mysqld/mysqld.sock"], "external_methods": ["ls", "cp", "sudo", "mysqladmin", "mysql", "mysqldump", "mongosh", "mongodump"], "published": [], "classes": [], "methods": [], "calls": ["ls /usr/lib/postgresql/", "cp \"${DB_NAME}\" \"database_backup.db\"", "sudo -u postgres ${PG_BIN}/pg_isready", "pgdump", "mysqladmin ping -h localhost -P ${DB_PORT} --silent", "mysql -h localhost -P ${DB_PORT} -u ${DB_USER} -p${DB_PASSWORD}", "mysqldump -h localhost -P ${DB_PORT}", "mysql -h localhost -P ${DB_PORT} -u root -p${DB_PASSWORD}", "sudo mysql --socket=/var/run/mysqld/mysqld.sock", "mongosh --port ${DB_PORT}", "mongodump --port ${DB_PORT}"], "search-terms": ["backup_db.sh", "shell script", "database backup", "SQLite", "PostgreSQL", "MySQL", "MongoDB", "database detection", "bash script"], "state": 2, "file_id": 2, "knowledge_revision": 11, "git_revision": "04ba59073dc1d6ce4bfffb00892cb535ff9cc17f", "hash": "7af9aa35fa4940f934d83f6e2621b732", "format-version": 4, "code-base-name": "database", "filename": "database/backup_db.sh", "revision_history": [{"11": "04ba59073dc1d6ce4bfffb00892cb535ff9cc17f"}]}