{"is_source_file": true, "format": "HTML", "description": "The file is an HTML source for a web-based database viewer interface, featuring HTML, CSS, and JavaScript for browsing and displaying database tables and data.", "external_files": ["/api/databases", "/api/{db}/tables", "/api/{db}/tables/{tableName}/data"], "external_methods": ["fetchData"], "published": [], "classes": [], "methods": [{"name": "loadDatabases", "description": "Fetches and displays list of databases."}, {"name": "refreshDatabases", "description": "Refreshes the database list."}, {"name": "toggleDatabase", "description": "Expands or collapses a database's table list."}, {"name": "loadTables", "description": "Loads tables for a selected database."}, {"name": "loadTableData", "description": "Loads and displays data of a selected table."}, {"name": "renderTable", "description": "Generates HTML to display data table."}, {"name": "renderCell", "description": "Creates HTML for individual cell contents, handling objects and long text."}, {"name": "expandCell", "description": "Expands or collapses cell content for detailed view."}], "calls": ["fetchData('/api/databases')", "fetchData(`/api/${db}/tables`)", "fetchData(`/api/${db}/tables/${tableName}/data?limit=50`)"], "search-terms": ["HTML database viewer", "dynamic table rendering", "JavaScript fetch API for database", "expandable cell content", "interactive database sidebar"], "state": 2, "file_id": 7, "knowledge_revision": 13, "git_revision": "04ba59073dc1d6ce4bfffb00892cb535ff9cc17f", "hash": "ee63333a4841bf025439c755a74c9881", "format-version": 4, "code-base-name": "database", "filename": "database/db_visualizer/public/index.html", "revision_history": [{"13": "04ba59073dc1d6ce4bfffb00892cb535ff9cc17f"}]}